[
    {
       "id":"반려 동물",
       "title":"사료"
    }
    ,
    {
       "id":"반려 동물",
       "title":"간식"
    }
    ,
    {
       "id":"반려 동물",
       "title":"놀이기구"
    }
    ,
    {
       "id":"반려 동물",
       "title":"관리용품"
    }
    ,
    {
       "id":"반려 동물",
       "title":"고양이 모래"
    }
    ,
    {
       "id":"반려 동물",
       "title":"의류"
    }
    ,
    {
       "id":"반려 동물",
       "title":"파충류"
    }
    ,
    {
       "id":"반려 동물",
       "title":"어류"
    }
    ,
    {
       "id":"반려 동물",
       "title":"기타"
    }
    ,
    {
       "id":"헬스 케어",
       "title":"건강식품"
    }
    ,
    {
       "id":"헬스 케어",
       "title":"헬스 기구"
    }
    ,
    {
       "id":"헬스 케어",
       "title":"보충제"
    }
    ,
    {
       "id":"헬스 케어",
       "title":"영양제"
    }
    ,
    {
       "id":"헬스 케어",
       "title":"건강식품"
    }
    ,
    {
       "id":"헬스 케어",
       "title":"스포츠 웨어"
    }
    ,
    {
       "id":"디지털 미디어",
       "title":"도서"
    }
    ,
    {
       "id":"디지털 미디어",
       "title":"음악"
    }
    ,
    {
       "id":"디지털 미디어",
       "title":"게임"
    }
    ,
    {
       "id":"디지털 미디어",
       "title":"웹툰"
    }
    ,
    {
       "id":"디지털 미디어",
       "title":"클래스"
    }
    ,
    {
       "id":"디지털 미디어",
       "title":"아트"
    }
    ,
    {
       "id":"향초",
       "title":"캔들"
    }
    ,
    {
       "id":"향초",
       "title":"캔들워머"
    }
    ,
    {
       "id":"향초",
       "title":"방향제"
    }
    ,
    {
       "id":"향초",
       "title":"향수/공병"
    }
    ,
    {
       "id":"향초",
       "title":"인센스"
    }
    ,
    {
       "id":"향초",
       "title":"차량용 방향제"
    }
    ,
    {
       "id":"향초",
       "title":"디퓨저"
    }
    ,
    {
       "id":"향초",
       "title":"오일"
    }
    ,
    {
       "id":"커피",
       "title":"원두"
    }
    ,
    {
       "id":"커피",
       "title":"콜드브루"
    }
    ,
    {
       "id":"커피",
       "title":"커피용품"
    }
    ,
    {
       "id":"커피",
       "title":"머신"
    }
    ,
    {
       "id":"커피",
       "title":"캡슐"
    }
    ,
    {
       "id":"커피",
       "title":"드립커피"
    }
    ,
    {
       "id":"커피",
       "title":"디카페인"
    }
    ,
    {
       "id":"식품",
       "title":"냉동식품"
    }
    ,
    {
       "id":"식품",
       "title":"안주류"
    }
    ,
    {
       "id":"식품",
       "title":"고기류/육류"
    }
    ,
    {
       "id":"식품",
       "title":"빵/간식"
    }
    ,
    {
       "id":"식품",
       "title":"비건"
    }
    ,
    {
       "id":"식품",
       "title":"음료"
    }
    ,
    {
       "id":"식품",
       "title":"해산물"
    }
    ,
    {
       "id":"식품",
       "title":"와인"
    }
    ,
    {
       "id":"식품",
       "title":"전통주"
    }
    ,
    {
       "id":"식품",
       "title":"요리책"
    }
    ,
    {
       "id":"식품",
       "title":"푸드 페스티벌"
    }
    ,
    {
       "id":"홈/리빙",
       "title":"침실"
    }
    ,
    {
       "id":"홈/리빙",
       "title":"욕실"
    }
    ,
    {
       "id":"홈/리빙",
       "title":"주방"
    }
    ,
    {
       "id":"홈/리빙",
       "title":"화훼/원예"
    }
    ,
    {
       "id":"홈/리빙",
       "title":"청소/세탁"
    }
    ,
    {
       "id":"홈/리빙",
       "title":"인테리어"
    }
    ,
    {
       "id":"홈/리빙",
       "title":"DIY"
    }
    ,
    {
       "id":"패션",
       "title":"주얼리"
    }
    ,
    {
       "id":"패션",
       "title":"의류"
    }
    ,
    {
       "id":"패션",
       "title":"가방"
    }
    ,
    {
       "id":"패션",
       "title":"신발"
    }
    ,
    {
       "id":"패션",
       "title":"언더웨어"
    }
    ,
    {
       "id":"패션",
       "title":"패션소품"
    }
    ,
    {
       "id":"패션",
       "title":"한복"
    }
    ,
    {
       "id":"패션",
       "title":"홈웨어"
    }
    ,
    {
       "id":"패션",
       "title":"키즈"
    }
    ,
    {
       "id":"문구",
       "title":"캘린더"
    }
    ,
    {
       "id":"문구",
       "title":"다이어리"
    }
    ,
    {
       "id":"문구",
       "title":"스티커"
    }
    ,
    {
       "id":"문구",
       "title":"파우치"
    }
]