[
    {
        "rank": 0,
        "id": "4923ab",
        "name": "천상의 향기",
        "title": "차분한 분위기를 연출해주는 천상의 향기, 집에서 편안한 시간을 보내세요.",
        "rate": "4.8",
        "like": 1765,
        "achive": 432,
        "author": "향기로운세상",
        "category": "향초",
        "upload": "2023-05-12 09:34:22",
        "expiration": "2023-06-12 09:34:22",
        "premium": 1
    },
    {
        "rank": 0,
        "id": "3789cd",
        "name": "미래의 컵",
        "title": "디지털 시대에 맞춘 혁신적인 컵, 커피를 더 즐겁게!",
        "rate": "4.2",
        "like": 1234,
        "achive": 567,
        "author": "커피마니아",
        "category": "커피",
        "upload": "2024-03-22 14:20:10",
        "expiration": "2024-04-22 14:20:10",
        "premium": 0
    },
    {
        "rank": 0,
        "id": "2841ef",
        "name": "건강한 습관",
        "title": "자연에서 온 헬스케어 제품, 매일의 건강을 지켜보세요!",
        "rate": "4.6",
        "like": 2345,
        "achive": 345,
        "author": "헬스웰니스",
        "category": "헬스케어",
        "upload": "2024-01-09 16:15:00",
        "expiration": "2024-02-09 16:15:00",
        "premium": 0
    },
    {
        "rank": 0,
        "id": "5482gh",
        "name": "소소한 기쁨",
        "title": "당신의 하루를 더 행복하게 만들어 줄 소소한 기쁨의 아이템.",
        "rate": "4.3",
        "like": 2930,
        "achive": 678,
        "author": "미소스튜디오",
        "category": "홈/리빙",
        "upload": "2023-09-17 10:45:30",
        "expiration": "2023-10-17 10:45:30",
        "premium": 0
    },
    {
        "rank": 0,
        "id": "6571ij",
        "name": "스타일 리프트",
        "title": "패션의 새로운 기준, 스타일 리프트로 당신의 매력을 한층 업그레이드하세요.",
        "rate": "4.9",
        "like": 3456,
        "achive": 789,
        "author": "스타일크래프트",
        "category": "패션",
        "upload": "2024-02-14 12:00:00",
        "expiration": "2024-03-14 12:00:00",
        "premium": 1
    },
    {
        "rank": 0,
        "id": "8312kl",
        "name": "편안한 하루",
        "title": "집에서의 편안함을 더해주는 아이템, 당신의 휴식을 지원합니다.",
        "rate": "3.9",
        "like": 876,
        "achive": 234,
        "author": "안락한집",
        "category": "홈/리빙",
        "upload": "2023-12-01 18:30:45",
        "expiration": "2024-01-01 18:30:45",
        "premium": 0
    },
    {
        "rank": 0,
        "id": "9456mn",
        "name": "청정 에너지",
        "title": "자연의 힘을 담은 헬스케어 제품, 당신의 건강을 지켜주는 필수 아이템.",
        "rate": "4.7",
        "like": 3045,
        "achive": 456,
        "author": "헬스밸리",
        "category": "헬스케어",
        "upload": "2024-06-18 09:10:05",
        "expiration": "2024-07-18 09:10:05",
        "premium": 0
    },
    {
        "rank": 0,
        "id": "7584op",
        "name": "모던 문구",
        "title": "디지털 시대에도 손맛이 느껴지는 모던한 문구들, 문서 작업을 더욱 즐겁게.",
        "rate": "4.4",
        "like": 1250,
        "achive": 980,
        "author": "문구천국",
        "category": "문구",
        "upload": "2024-05-25 08:20:30",
        "expiration": "2024-06-25 08:20:30",
        "premium": 0
    },
    {
        "rank": 0,
        "id": "5623qr",
        "name": "빛나는 하루",
        "title": "매일매일 빛나는 하루를 만들어주는 특별한 아이템, 하루의 시작을 밝히세요.",
        "rate": "4.0",
        "like": 1980,
        "achive": 345,
        "author": "일상스튜디오",
        "category": "홈/리빙",
        "upload": "2023-08-10 07:55:30",
        "expiration": "2023-09-10 07:55:30",
        "premium": 1
    },
    {
        "rank": 0,
        "id": "6718st",
        "name": "디지털 뷰",
        "title": "최신 기술이 적용된 디지털 미디어 아이템, 새로운 시각을 경험해보세요.",
        "rate": "4.1",
        "like": 2100,
        "achive": 789,
        "author": "미디어플래닛",
        "category": "디지털 미디어",
        "upload": "2024-04-05 11:00:00",
        "expiration": "2024-05-05 11:00:00",
        "premium": 1
    },
    {
        "rank": 0,
        "id": "9834uv",
        "name": "산책의 즐거움",
        "title": "반려동물과 함께하는 산책을 더욱 즐겁게 만들어주는 아이템.",
        "rate": "4.5",
        "like": 1430,
        "achive": 233,
        "author": "펫러버",
        "category": "반려 동물",
        "upload": "2023-11-11 17:30:15",
        "expiration": "2023-12-11 17:30:15",
        "premium": 0
    },
    {
        "rank": 0,
        "id": "8942wx",
        "name": "이노베이티브",
        "title": "혁신적인 디자인의 디지털 기기, 새로운 경험을 제공합니다.",
        "rate": "4.7",
        "like": 3210,
        "achive": 1200,
        "author": "테크트렌드",
        "category": "디지털 미디어",
        "upload": "2024-07-01 13:20:00",
        "expiration": "2024-08-01 13:20:00",
        "premium": 0
    },
    {
        "rank": 0,
        "id": "7109yz",
        "name": "자연의 맛",
        "title": "신선한 재료로 만든 건강한 식품, 매일의 식사를 더 맛있게.",
        "rate": "4.4",
        "like": 1900,
        "achive": 456,
        "author": "푸드마스터",
        "category": "식품",
        "upload": "2024-05-15 15:40:25",
        "expiration": "2024-06-15 15:40:25",
        "premium": 0
    },
    {
        "rank": 0,
        "id": "4857mg",
        "name": "피톤치드 향초",
        "title": "자연의 향기를 그대로 담은 피톤치드 향초로 집안 분위기를 한층 아늑하게!",
        "rate": "4.7",
        "like": 1923,
        "achive": 235,
        "author": "향기나라",
        "category": "향초",
        "upload": "2023-05-17 09:30:00",
        "expiration": "2023-06-17 09:30:00",
        "premium": 1
    },
    {
        "rank": 0,
        "id": "9264qt",
        "name": "스마트 텀블러",
        "title": "온도 유지가 가능한 스마트 텀블러로, 언제 어디서나 최적의 음료 온도를 유지하세요.",
        "rate": "4.3",
        "like": 3054,
        "achive": 412,
        "author": "FutureTech",
        "category": "홈/리빙",
        "upload": "2023-02-22 14:45:00",
        "expiration": "2023-03-22 14:45:00",
        "premium": 0
    },
    {
        "rank": 0,
        "id": "1950as",
        "name": "오가닉 수제 초콜릿",
        "title": "순수한 맛과 질감의 오가닉 수제 초콜릿, 모든 초콜릿 애호가의 꿈을 실현하다.",
        "rate": "4.9",
        "like": 3790,
        "achive": 528,
        "author": "초콜릿 앤드",
        "category": "식품",
        "upload": "2024-01-05 18:22:00",
        "expiration": "2024-02-05 18:22:00",
        "premium": 0
    },
    {
        "rank": 0,
        "id": "3748zk",
        "name": "힐링 커피",
        "title": "매일 아침, 상쾌하게 시작할 수 있는 힐링 커피로 하루를 여세요.",
        "rate": "4.6",
        "like": 1542,
        "achive": 323,
        "author": "커피 중독",
        "category": "커피",
        "upload": "2023-07-10 08:15:00",
        "expiration": "2023-08-10 08:15:00",
        "premium": 1
    },
    {
        "rank": 0,
        "id": "5829lv",
        "name": "디지털 사진 프레임",
        "title": "고해상도 디지털 사진 프레임으로 소중한 순간을 언제든지 감상하세요.",
        "rate": "4.4",
        "like": 2751,
        "achive": 142,
        "author": "Tech Vision",
        "category": "디지털 미디어",
        "upload": "2023-03-13 16:00:00",
        "expiration": "2023-04-13 16:00:00",
        "premium": 0
    },
    {
        "rank": 0,
        "id": "9481jf",
        "name": "강아지 장난감 세트",
        "title": "우리 강아지를 위한 다양한 장난감이 포함된 장난감 세트, 행복한 놀이 시간을 보장합니다.",
        "rate": "4.8",
        "like": 3107,
        "achive": 290,
        "author": "펫월드",
        "category": "반려 동물",
        "upload": "2024-03-29 12:00:00",
        "expiration": "2024-04-29 12:00:00",
        "premium": 1
    },
    {
        "rank": 0,
        "id": "2049rw",
        "name": "스마트 홈 허브",
        "title": "스마트 홈 시스템의 중심, 모든 기기를 연결하고 제어할 수 있는 스마트 홈 허브.",
        "rate": "4.5",
        "like": 3870,
        "achive": 213,
        "author": "HomeTech",
        "category": "홈/리빙",
        "upload": "2024-06-21 20:20:00",
        "expiration": "2024-07-21 20:20:00",
        "premium": 0
    },
    {
        "rank": 0,
        "id": "7592xk",
        "name": "홈 베이킹 키트",
        "title": "집에서도 손쉽게 맛있는 빵을 구울 수 있는 홈 베이킹 키트, 제빵의 즐거움을 느껴보세요.",
        "rate": "4.2",
        "like": 2450,
        "achive": 334,
        "author": "베이커리 마스터",
        "category": "식품",
        "upload": "2023-09-10 11:25:00",
        "expiration": "2023-10-10 11:25:00",
        "premium": 0
    },
    {
        "rank": 0,
        "id": "6104vza",
        "name": "휴대용 블렌더",
        "title": "언제 어디서나 간편하게 건강한 음료를 만드는 휴대용 블렌더, 편리함을 경험하세요.",
        "rate": "4.6",
        "like": 1423,
        "achive": 550,
        "author": "헬스 더하기",
        "category": "헬스케어",
        "upload": "2023-04-16 10:10:00",
        "expiration": "2023-05-16 10:10:00",
        "premium": 1
    },
    {
        "rank": 0,
        "id": "9275bz",
        "name": "디지털 캘린더",
        "title": "시간 관리의 최전선, 모든 스케줄을 한눈에 볼 수 있는 디지털 캘린더.",
        "rate": "4.7",
        "like": 3589,
        "achive": 124,
        "author": "TimeMaster",
        "category": "디지털 미디어",
        "upload": "2023-06-30 15:50:00",
        "expiration": "2023-07-30 15:50:00",
        "premium": 0
    },
    {
        "rank": 0,
        "id": "3047dy",
        "name": "클래식 핸드백",
        "title": "시대를 초월한 매력, 클래식 핸드백으로 세련된 스타일을 완성하세요.",
        "rate": "4.4",
        "like": 2205,
        "achive": 312,
        "author": "패션 앤드",
        "category": "패션",
        "upload": "2024-01-18 13:40:00",
        "expiration": "2024-02-18 13:40:00",
        "premium": 1
    },
    {
        "rank": 0,
        "id": "5820tw",
        "name": "유기농 티백 세트",
        "title": "매일 건강하게 마실 수 있는 유기농 티백 세트, 자연의 맛을 즐기세요.",
        "rate": "4.3",
        "like": 3347,
        "achive": 150,
        "author": "티 타임",
        "category": "식품",
        "upload": "2023-11-25 19:30:00",
        "expiration": "2023-12-25 19:30:00",
        "premium": 0
    },
    {
        "rank": 0,
        "id": "6782pl",
        "name": "홈 오디오 시스템",
        "title": "집에서 즐기는 최고의 음질, 홈 오디오 시스템으로 음악을 새로운 차원으로 경험하세요.",
        "rate": "4.8",
        "like": 3296,
        "achive": 290,
        "author": "SoundWave",
        "category": "디지털 미디어",
        "upload": "2023-08-03 21:10:00",
        "expiration": "2023-09-03 21:10:00",
        "premium": 0
    },
    {
        "rank": 0,
        "id": "4057kx",
        "name": "스마트 홈 보안 시스템",
        "title": "안전한 집을 위한 스마트 홈 보안 시스템, 실시간 모니터링으로 걱정 없는 생활을 제공합니다.",
        "rate": "4.6",
        "like": 2456,
        "achive": 350,
        "author": "HomeGuard",
        "category": "홈/리빙",
        "upload": "2023-10-04 12:20:00",
        "expiration": "2023-11-04 12:20:00",
        "premium": 0
    },
    {
        "rank": 0,
        "id": "6182yq",
        "name": "에코백 세트",
        "title": "환경을 생각한 에코백 세트, 패션과 환경을 모두 챙길 수 있는 스마트한 선택입니다.",
        "rate": "4.3",
        "like": 1598,
        "achive": 678,
        "author": "GreenLife",
        "category": "패션",
        "upload": "2023-11-22 15:35:00",
        "expiration": "2023-12-22 15:35:00",
        "premium": 0
    },
    {
        "rank": 0,
        "id": "3749vc",
        "name": "모던 향초",
        "title": "모던한 디자인과 은은한 향으로 집안을 더욱 고급스럽게 꾸며주는 향초입니다.",
        "rate": "4.8",
        "like": 2678,
        "achive": 312,
        "author": "향수의 미",
        "category": "향초",
        "upload": "2024-03-09 11:00:00",
        "expiration": "2024-04-09 11:00:00",
        "premium": 1
    },
    {
        "rank": 0,
        "id": "9273lp",
        "name": "스마트 식물 화분",
        "title": "스마트 기술이 적용된 식물 화분, 집에서 쉽게 식물을 기를 수 있도록 도와줍니다.",
        "rate": "4.4",
        "like": 1984,
        "achive": 420,
        "author": "GreenTech",
        "category": "홈/리빙",
        "upload": "2024-02-20 10:20:00",
        "expiration": "2024-03-20 10:20:00",
        "premium": 1
    },
    {
        "rank": 0,
        "id": "1946tw",
        "name": "미니 가습기",
        "title": "작고 효율적인 미니 가습기로 상쾌한 공기를 유지하세요. 어디서든 편리하게 사용할 수 있습니다.",
        "rate": "4.5",
        "like": 2189,
        "achive": 130,
        "author": "AirCare",
        "category": "홈/리빙",
        "upload": "2024-06-15 13:25:00",
        "expiration": "2024-07-15 13:25:00",
        "premium": 0
    },
    {
        "rank": 0,
        "id": "5842qm",
        "name": "클래식 양초",
        "title": "우아한 분위기를 자아내는 클래식 양초, 고급스러운 인테리어에 어울리는 선택입니다.",
        "rate": "4.7",
        "like": 3225,
        "achive": 298,
        "author": "조명연구소",
        "category": "향초",
        "upload": "2023-08-18 16:15:00",
        "expiration": "2023-09-18 16:15:00",
        "premium": 0
    },
    {
        "rank": 0,
        "id": "3827tn",
        "name": "업그레이드 커피머신",
        "title": "커피 애호가를 위한 업그레이드 커피머신, 완벽한 커피 한 잔을 집에서 쉽게 만들 수 있습니다.",
        "rate": "4.6",
        "like": 2589,
        "achive": 189,
        "author": "CoffeeMasters",
        "category": "커피",
        "upload": "2023-07-12 17:30:00",
        "expiration": "2023-08-12 17:30:00",
        "premium": 1
    },
    {
        "rank": 0,
        "id": "6820jc",
        "name": "스마트 플러그",
        "title": "스마트 플러그로 가전제품을 간편하게 제어하고, 에너지 절약을 실천하세요.",
        "rate": "4.3",
        "like": 1740,
        "achive": 275,
        "author": "SmartPlug Co.",
        "category": "홈/리빙",
        "upload": "2023-12-10 18:10:00",
        "expiration": "2024-01-10 18:10:00",
        "premium": 0
    },
    {
        "rank": 0,
        "id": "7492lp",
        "name": "에너지 드링크",
        "title": "활력을 제공하는 에너지 드링크, 피로를 날려버리고 활기찬 하루를 시작하세요.",
        "rate": "4.2",
        "like": 1400,
        "achive": 398,
        "author": "에너지 플러스",
        "category": "식품",
        "upload": "2023-11-07 09:50:00",
        "expiration": "2023-12-07 09:50:00",
        "premium": 0
    },
    {
        "rank": 0,
        "id": "2837wm",
        "name": "패셔너블 스카프",
        "title": "세련된 디자인의 패셔너블 스카프, 어떤 옷에도 잘 어울리는 멋진 액세서리입니다.",
        "rate": "4.5",
        "like": 2022,
        "achive": 350,
        "author": "패션 핸드",
        "category": "패션",
        "upload": "2023-09-28 14:00:00",
        "expiration": "2023-10-28 14:00:00",
        "premium": 0
    },
    {
        "rank": 0,
        "id": "9218hz",
        "name": "자동 물걸레 청소기",
        "title": "자동 물걸레 청소기로 손쉽게 바닥을 깨끗하게 청소하세요. 시간 절약과 효율적인 청소를 보장합니다.",
        "rate": "4.6",
        "like": 3320,
        "achive": 250,
        "author": "CleanHome",
        "category": "홈/리빙",
        "upload": "2023-08-30 16:45:00",
        "expiration": "2023-09-30 16:45:00",
        "premium": 1
    },
    {
        "rank": 0,
        "id": "6720kx",
        "name": "알레르기 방지 필터",
        "title": "공기 중의 알레르기 유발 물질을 걸러주는 필터, 깨끗한 공기를 보장합니다.",
        "rate": "4.4",
        "like": 1989,
        "achive": 129,
        "author": "AirQuality",
        "category": "홈/리빙",
        "upload": "2024-01-12 11:00:00",
        "expiration": "2024-02-12 11:00:00",
        "premium": 0
    },
    {
        "rank": 0,
        "id": "7438vj",
        "name": "맞춤형 문구 세트",
        "title": "개인화된 메시지를 담을 수 있는 맞춤형 문구 세트, 특별한 사람에게 특별한 선물을 하세요.",
        "rate": "4.7",
        "like": 2690,
        "achive": 160,
        "author": "문구 마스터",
        "category": "문구",
        "upload": "2023-12-21 17:20:00",
        "expiration": "2024-01-21 17:20:00",
        "premium": 1
    },
    {
        "rank": 0,
        "id": "8352lw",
        "name": "프리미엄 티세트",
        "title": "우아한 티타임을 위한 프리미엄 티세트, 고급스러운 차 한 잔의 여유를 즐기세요.",
        "rate": "4.5",
        "like": 2890,
        "achive": 480,
        "author": "TeaLuxury",
        "category": "식품",
        "upload": "2024-05-01 12:15:00",
        "expiration": "2024-06-01 12:15:00",
        "premium": 1
    },
    {
        "rank": 0,
        "id": "5920zk",
        "name": "휴대용 캠핑 조명",
        "title": "캠핑이나 야외 활동 시 유용한 휴대용 캠핑 조명, 어두운 곳에서도 밝고 안전하게!",
        "rate": "4.6",
        "like": 2089,
        "achive": 234,
        "author": "OutdoorGear",
        "category": "홈/리빙",
        "upload": "2024-02-08 14:00:00",
        "expiration": "2024-03-08 14:00:00",
        "premium": 1
    },
    {
        "rank": 0,
        "id": "3024vn",
        "name": "건강식 스낵",
        "title": "맛있으면서도 건강한 스낵으로 간편하게 건강을 챙기세요.",
        "rate": "4.4",
        "like": 3121,
        "achive": 320,
        "author": "헬스너리",
        "category": "식품",
        "upload": "2023-10-01 11:30:00",
        "expiration": "2023-11-01 11:30:00",
        "premium": 0
    },
    {
        "rank": 0,
        "id": "7420qx",
        "name": "디지털 명함",
        "title": "현대적인 디지털 명함으로 네트워킹을 더 스마트하게, 휴대성과 편리함을 동시에!",
        "rate": "4.5",
        "like": 1980,
        "achive": 267,
        "author": "TechPro",
        "category": "디지털 미디어",
        "upload": "2023-11-11 13:00:00",
        "expiration": "2023-12-11 13:00:00",
        "premium": 0
    },
    {
        "rank": 0,
        "id": "9362rz",
        "name": "휴대용 블렌더",
        "title": "어디서든 신선한 스무디를 즐길 수 있는 휴대용 블렌더, 간편하고 빠른 사용이 가능합니다.",
        "rate": "4.6",
        "like": 1422,
        "achive": 450,
        "author": "BlendPro",
        "category": "디지털 미디어",
        "upload": "2024-03-10 14:45:00",
        "expiration": "2024-04-10 14:45:00",
        "premium": 0
    },
    {
        "rank": 0,
        "id": "4836uy",
        "name": "패셔너블 에코백",
        "title": "친환경 소재로 제작된 패셔너블 에코백, 세련된 디자인과 실용성을 동시에 갖췄습니다.",
        "rate": "4.5",
        "like": 1745,
        "achive": 288,
        "author": "EcoStyle",
        "category": "패션",
        "upload": "2024-06-04 10:30:00",
        "expiration": "2024-07-04 10:30:00",
        "premium": 0
    },
    {
        "rank": 0,
        "id": "6713zk",
        "name": "디지털 체중계",
        "title": "정확한 측정을 제공하는 디지털 체중계, 건강 관리에 필수적인 제품입니다.",
        "rate": "4.4",
        "like": 1543,
        "achive": 312,
        "author": "HealthTech",
        "category": "헬스케어",
        "upload": "2024-04-15 12:20:00",
        "expiration": "2024-05-15 12:20:00",
        "premium": 0
    },
    {
        "rank": 0,
        "id": "7548tg",
        "name": "미니 프로젝트",
        "title": "작고 강력한 미니 프로젝트, 이동성과 성능을 모두 갖춘 최고의 선택입니다.",
        "rate": "4.7",
        "like": 1920,
        "achive": 150,
        "author": "MiniTech",
        "category": "디지털 미디어",
        "upload": "2023-12-01 16:10:00",
        "expiration": "2024-01-01 16:10:00",
        "premium": 1
    },
    {
        "rank": 0,
        "id": "3192fk",
        "name": "휴대용 에어컨",
        "title": "여름철 필수 아이템, 휴대용 에어컨으로 시원하게 여름을 나세요.",
        "rate": "4.5",
        "like": 2230,
        "achive": 341,
        "author": "CoolTech",
        "category": "홈/리빙",
        "upload": "2024-05-05 12:00:00",
        "expiration": "2024-06-05 12:00:00",
        "premium": 1
    },
    {
        "rank": 0,
        "id": "4820cz",
        "name": "스마트 보조배터리",
        "title": "휴대성과 고속 충전을 제공하는 스마트 보조배터리, 언제 어디서나 전력을 공급합니다.",
        "rate": "4.3",
        "like": 1890,
        "achive": 275,
        "author": "ChargeUp",
        "category": "디지털 미디어",
        "upload": "2024-01-20 10:30:00",
        "expiration": "2024-02-20 10:30:00",
        "premium": 0
    },
    {
        "rank": 0,
        "id": "5930zb",
        "name": "프리미엄 바디로션",
        "title": "부드럽고 촉촉한 피부를 위한 프리미엄 바디로션, 한층 더 매끄럽고 건강한 피부로 가꾸세요.",
        "rate": "4.5",
        "like": 2390,
        "achive": 123,
        "author": "SkinCarePro",
        "category": "헬스케어",
        "upload": "2024-07-10 14:00:00",
        "expiration": "2024-08-10 14:00:00",
        "premium": 1
    },
    {
        "rank": 0,
        "id": "3748ml",
        "name": "디지털 사진액자",
        "title": "가족과 친구들의 소중한 순간을 담은 디지털 사진액자, 집안을 더욱 따뜻하게 만들어 줍니다.",
        "rate": "4.4",
        "like": 1640,
        "achive": 390,
        "author": "PhotoFrame",
        "category": "디지털 미디어",
        "upload": "2024-03-22 11:40:00",
        "expiration": "2024-04-22 11:40:00",
        "premium": 0
    },
    {
        "rank": 0,
        "id": "8295lc",
        "name": "프리미엄 문구 세트",
        "title": "고급스러운 디자인의 프리미엄 문구 세트, 작업을 더욱 효율적으로 만들어주는 도구입니다.",
        "rate": "4.7",
        "like": 1985,
        "achive": 400,
        "author": "문구의 신",
        "category": "문구",
        "upload": "2024-08-05 16:00:00",
        "expiration": "2024-09-05 16:00:00",
        "premium": 1
    },
    {
        "rank": 0,
        "id": "4902kh",
        "name": "업그레이드 목걸이",
        "title": "세련된 디자인과 기능성을 갖춘 업그레이드 목걸이, 모든 스타일에 어울립니다.",
        "rate": "4.6",
        "like": 2130,
        "achive": 210,
        "author": "NeckStyle",
        "category": "패션",
        "upload": "2024-05-10 17:30:00",
        "expiration": "2024-06-10 17:30:00",
        "premium": 1
    },
    {
        "rank": 0,
        "id": "6891tn",
        "name": "스마트 에어프라이어",
        "title": "건강하고 맛있는 요리를 위한 스마트 에어프라이어, 간편하게 요리해 보세요.",
        "rate": "4.8",
        "like": 3280,
        "achive": 320,
        "author": "HealthyCook",
        "category": "홈/리빙",
        "upload": "2023-12-12 14:20:00",
        "expiration": "2024-01-12 14:20:00",
        "premium": 1
    },
    {
        "rank": 0,
        "id": "5201zm",
        "name": "스마트 헬스케어 디바이스",
        "title": "스마트 헬스케어 디바이스로 건강을 모니터링하고, 일상적인 건강 관리에 도움을 주는 제품입니다.",
        "rate": "4.6",
        "like": 1790,
        "achive": 580,
        "author": "HealthMonitor",
        "category": "헬스케어",
        "upload": "2024-07-07 10:00:00",
        "expiration": "2024-08-07 10:00:00",
        "premium": 0
    },
    {
        "rank": 0,
        "id": "4372jx",
        "name": "가죽 지갑",
        "title": "세련된 디자인의 가죽 지갑, 고급스러움과 실용성을 동시에 갖춘 필수 아이템입니다.",
        "rate": "4.4",
        "like": 2220,
        "achive": 190,
        "author": "LeatherCraft",
        "category": "패션",
        "upload": "2024-04-02 16:00:00",
        "expiration": "2024-05-02 16:00:00",
        "premium": 0
    },
    {
        "rank": 0,
        "id": "2805tw",
        "name": "액세서리 정리함",
        "title": "모든 액세서리를 깔끔하게 정리할 수 있는 액세서리 정리함, 정돈된 공간을 만들어줍니다.",
        "rate": "4.6",
        "like": 1490,
        "achive": 312,
        "author": "OrganizerPro",
        "category": "홈/리빙",
        "upload": "2024-01-25 15:15:00",
        "expiration": "2024-02-25 15:15:00",
        "premium": 1
    },
    {
        "rank": 0,
        "id": "4972zp",
        "name": "LED 책상 램프",
        "title": "조명이 부드럽고 눈에 편안한 LED 책상 램프, 공부와 작업에 이상적인 제품입니다.",
        "rate": "4.5",
        "like": 2340,
        "achive": 165,
        "author": "LightPro",
        "category": "홈/리빙",
        "upload": "2024-05-20 14:30:00",
        "expiration": "2024-06-20 14:30:00",
        "premium": 1
    },
    {
        "rank": 0,
        "id": "3756ry",
        "name": "휴대용 마사지기",
        "title": "어디서든 간편하게 사용할 수 있는 휴대용 마사지기, 피로를 날려버리세요.",
        "rate": "4.7",
        "like": 2790,
        "achive": 300,
        "author": "MassagePlus",
        "category": "헬스케어",
        "upload": "2023-11-18 13:00:00",
        "expiration": "2023-12-18 13:00:00",
        "premium": 1
    },
    {
        "rank": 0,
        "id": "5920wg",
        "name": "스마트 수면 추적기",
        "title": "수면 패턴을 분석해 건강한 수면을 돕는 스마트 수면 추적기, 더 나은 수면을 제공합니다.",
        "rate": "4.8",
        "like": 2120,
        "achive": 400,
        "author": "SleepWell",
        "category": "헬스케어",
        "upload": "2024-03-01 12:30:00",
        "expiration": "2024-04-01 12:30:00",
        "premium": 1
    },
    {
        "rank": 0,
        "id": "8049hn",
        "name": "스마트 전구",
        "title": "스마트폰으로 제어할 수 있는 스마트 전구, 조명 색상과 밝기를 자유롭게 조절하세요.",
        "rate": "4.4",
        "like": 1420,
        "achive": 290,
        "author": "LightTech",
        "category": "홈/리빙",
        "upload": "2024-04-22 11:30:00",
        "expiration": "2024-05-22 11:30:00",
        "premium": 0
    },
    {
        "rank": 0,
        "id": "5823wp",
        "name": "홈케어 제품",
        "title": "집에서 간편하게 사용할 수 있는 홈케어 제품, 일상의 편리함을 더해줍니다.",
        "rate": "4.3",
        "like": 2110,
        "achive": 150,
        "author": "HomeCare",
        "category": "홈/리빙",
        "upload": "2023-09-09 16:00:00",
        "expiration": "2023-10-09 16:00:00",
        "premium": 0
    },
    {
        "rank": 0,
        "id": "4721vn",
        "name": "스마트 펫 배식기",
        "title": "스마트 기능이 적용된 펫 배식기, 반려동물의 식사를 보다 편리하게 관리할 수 있습니다.",
        "rate": "4.6",
        "like": 2390,
        "achive": 230,
        "author": "PetSmart",
        "category": "반려 동물",
        "upload": "2024-02-12 13:15:00",
        "expiration": "2024-03-12 13:15:00",
        "premium": 1
    },
    {
        "rank": 0,
        "id": "5094kw",
        "name": "패셔너블 모자",
        "title": "세련된 디자인의 패셔너블 모자, 다양한 스타일에 잘 어울리는 멋진 액세서리입니다.",
        "rate": "4.5",
        "like": 1720,
        "achive": 500,
        "author": "FashionHub",
        "category": "패션",
        "upload": "2023-08-05 17:00:00",
        "expiration": "2023-09-05 17:00:00",
        "premium": 0
    },
    {
        "rank": 0,
        "id": "8473jx",
        "name": "포터블 블루투스 스피커",
        "title": "휴대가 간편한 포터블 블루투스 스피커, 언제 어디서나 음악을 즐기세요.",
        "rate": "4.4",
        "like": 2190,
        "achive": 185,
        "author": "AudioGear",
        "category": "디지털 미디어",
        "upload": "2024-02-28 15:00:00",
        "expiration": "2024-03-28 15:00:00",
        "premium": 0
    },
    {
        "rank": 0,
        "id": "6584tr",
        "name": "건강 보조제",
        "title": "건강을 지키는 건강 보조제, 매일 간편하게 건강을 챙기세요.",
        "rate": "4.5",
        "like": 2890,
        "achive": 325,
        "author": "HealthPlus",
        "category": "헬스케어",
        "upload": "2024-03-25 13:00:00",
        "expiration": "2024-04-25 13:00:00",
        "premium": 1
    },
    {
        "rank": 0,
        "id": "6913xn",
        "name": "모던 홈 데코",
        "title": "모던하고 세련된 홈 데코, 집안을 한층 더 아름답게 꾸며줍니다.",
        "rate": "4.7",
        "like": 2100,
        "achive": 220,
        "author": "DecorStyle",
        "category": "홈/리빙",
        "upload": "2024-01-15 12:00:00",
        "expiration": "2024-02-15 12:00:00",
        "premium": 0
    },
    {
        "rank": 0,
        "id": "8371lp",
        "name": "스마트 방충기",
        "title": "효율적으로 방충을 도와주는 스마트 방충기, 여름철 편안한 환경을 제공합니다.",
        "rate": "4.5",
        "like": 1750,
        "achive": 320,
        "author": "PestGuard",
        "category": "홈/리빙",
        "upload": "2024-05-15 14:00:00",
        "expiration": "2024-06-15 14:00:00",
        "premium": 0
    },
    {
        "rank": 0,
        "id": "9642rw",
        "name": "커피 원두 세트",
        "title": "다양한 맛을 즐길 수 있는 커피 원두 세트, 매일 아침 풍부한 커피 향을 느껴보세요.",
        "rate": "4.7",
        "like": 2500,
        "achive": 400,
        "author": "CoffeeWorld",
        "category": "커피",
        "upload": "2024-02-20 11:00:00",
        "expiration": "2024-03-20 11:00:00",
        "premium": 1
    },
    {
        "rank": 0,
        "id": "4893kd",
        "name": "프리미엄 향초",
        "title": "고급스러운 향과 디자인의 프리미엄 향초, 집안의 분위기를 한층 더 아늑하게 만들어줍니다.",
        "rate": "4.6",
        "like": 2290,
        "achive": 150,
        "author": "ScentedJoy",
        "category": "향초",
        "upload": "2024-06-20 13:00:00",
        "expiration": "2024-07-20 13:00:00",
        "premium": 1
    },
    {
        "rank": 0,
        "id": "5278tj",
        "name": "모던 문구 세트",
        "title": "모던하고 세련된 디자인의 문구 세트, 일상에서 유용하게 사용할 수 있는 필수 아이템입니다.",
        "rate": "4.4",
        "like": 1980,
        "achive": 230,
        "author": "ModernStationery",
        "category": "문구",
        "upload": "2024-03-15 10:00:00",
        "expiration": "2024-04-15 10:00:00",
        "premium": 0
    },
    {
        "rank": 0,
        "id": "3914zp",
        "name": "홈트레이닝 기구",
        "title": "집에서 간편하게 운동할 수 있는 홈트레이닝 기구, 건강한 몸을 유지하세요.",
        "rate": "4.6",
        "like": 2100,
        "achive": 350,
        "author": "HomeFit",
        "category": "헬스케어",
        "upload": "2024-07-10 12:00:00",
        "expiration": "2024-08-10 12:00:00",
        "premium": 1
    },
    {
        "rank": 0,
        "id": "5723xb",
        "name": "다기능 충전기",
        "title": "여러 장비를 동시에 충전할 수 있는 다기능 충전기, 실용성과 편리함을 제공합니다.",
        "rate": "4.5",
        "like": 1450,
        "achive": 270,
        "author": "ChargeMaster",
        "category": "디지털 미디어",
        "upload": "2024-01-12 15:00:00",
        "expiration": "2024-02-12 15:00:00",
        "premium": 0
    },
    {
        "rank": 0,
        "id": "6702pk",
        "name": "세련된 패션 백팩",
        "title": "모던한 디자인의 패션 백팩, 어떤 스타일에도 잘 어울리며 실용성을 제공합니다.",
        "rate": "4.7",
        "like": 1880,
        "achive": 400,
        "author": "FashionPlus",
        "category": "패션",
        "upload": "2024-06-25 14:00:00",
        "expiration": "2024-07-25 14:00:00",
        "premium": 1
    },
    {
        "rank": 0,
        "id": "2918xz",
        "name": "프리미엄 스킨케어 세트",
        "title": "고급 성분으로 만들어진 프리미엄 스킨케어 세트, 피부를 더욱 매끄럽고 건강하게 유지하세요.",
        "rate": "4.8",
        "like": 3200,
        "achive": 200,
        "author": "SkinEssentials",
        "category": "헬스케어",
        "upload": "2024-03-30 11:00:00",
        "expiration": "2024-04-30 11:00:00",
        "premium": 1
    },
    {
        "rank": 0,
        "id": "4095qw",
        "name": "스마트 체온계",
        "title": "정확한 체온 측정이 가능한 스마트 체온계, 건강 관리를 더욱 효율적으로 도와줍니다.",
        "rate": "4.4",
        "like": 1990,
        "achive": 150,
        "author": "ThermoTech",
        "category": "헬스케어",
        "upload": "2024-02-10 10:00:00",
        "expiration": "2024-03-10 10:00:00",
        "premium": 0
    },
    {
        "rank": 0,
        "id": "8643jq",
        "name": "모던 스피커",
        "title": "세련된 디자인과 우수한 음질의 모던 스피커, 집안의 분위기를 한층 더 고급스럽게 만들어줍니다.",
        "rate": "4.6",
        "like": 2800,
        "achive": 175,
        "author": "AudioElite",
        "category": "디지털 미디어",
        "upload": "2024-06-15 14:30:00",
        "expiration": "2024-07-15 14:30:00",
        "premium": 1
    },
    {
        "rank": 0,
        "id": "3052ph",
        "name": "스마트 도어벨",
        "title": "스마트폰으로 제어 가능한 스마트 도어벨, 집안의 안전을 한층 강화합니다.",
        "rate": "4.7",
        "like": 2360,
        "achive": 220,
        "author": "HomeGuard",
        "category": "홈/리빙",
        "upload": "2024-04-05 12:00:00",
        "expiration": "2024-05-05 12:00:00",
        "premium": 1
    },
    {
        "rank": 0,
        "id": "4820qw",
        "name": "자동 청소 로봇",
        "title": "자동으로 청소해주는 로봇, 편리하게 집안을 깨끗하게 유지할 수 있습니다.",
        "rate": "4.6",
        "like": 1970,
        "achive": 250,
        "author": "CleanRobot",
        "category": "홈/리빙",
        "upload": "2024-05-01 13:00:00",
        "expiration": "2024-06-01 13:00:00",
        "premium": 1
    },
    {
        "rank": 0,
        "id": "6723zk",
        "name": "프리미엄 핸드크림",
        "title": "부드럽고 촉촉한 피부를 위한 프리미엄 핸드크림, 매일 사용으로 손을 더욱 부드럽게.",
        "rate": "4.8",
        "like": 2450,
        "achive": 180,
        "author": "HandCarePro",
        "category": "헬스케어",
        "upload": "2024-08-01 10:00:00",
        "expiration": "2024-09-01 10:00:00",
        "premium": 1
    },
    {
        "rank": 0,
        "id": "9421ql",
        "name": "오가닉 베이비 식품",
        "title": "자연에서 온 오가닉 베이비 식품, 아기에게 가장 안전하고 건강한 식사를 제공합니다.",
        "rate": "4.8",
        "like": 3250,
        "achive": 210,
        "author": "BabyCare",
        "category": "식품",
        "upload": "2024-02-20 12:00:00",
        "expiration": "2024-03-20 12:00:00",
        "premium": 1
    },
    {
        "rank": 0,
        "id": "4839jx",
        "name": "스마트 체중계",
        "title": "정확한 체중 측정과 함께 건강 상태를 분석해주는 스마트 체중계, 건강 관리의 필수품입니다.",
        "rate": "4.6",
        "like": 1580,
        "achive": 290,
        "author": "WeightTrack",
        "category": "헬스케어",
        "upload": "2024-03-05 15:00:00",
        "expiration": "2024-04-05 15:00:00",
        "premium": 0
    },
    {
        "rank": 0,
        "id": "3962mg",
        "name": "휴대용 공기 청정기",
        "title": "어디서나 깨끗한 공기를 제공하는 휴대용 공기 청정기, 공기 질 걱정을 덜어줍니다.",
        "rate": "4.7",
        "like": 2450,
        "achive": 200,
        "author": "CleanAir",
        "category": "홈/리빙",
        "upload": "2024-07-01 10:00:00",
        "expiration": "2024-08-01 10:00:00",
        "premium": 1
    },
    {
        "rank": 0,
        "id": "3948tw",
        "name": "무선 블루투스 이어폰",
        "title": "무선 블루투스 이어폰, 뛰어난 음질과 편리한 무선 사용으로 음악을 즐기세요.",
        "rate": "4.4",
        "like": 1810,
        "achive": 180,
        "author": "최승준",
        "category": "디지털 미디어",
        "upload": "2024-04-20 12:00:00",
        "expiration": "2024-05-20 12:00:00",
        "premium": 0
    },
    {
        "rank": 0,
        "id": "4916zc",
        "name": "고급 수제 초콜릿",
        "title": "고급 수제 초콜릿, 특별한 날 더욱 달콤한 순간을 선사합니다.",
        "rate": "4.8",
        "like": 2900,
        "achive": 240,
        "author": "ChocoDelight",
        "category": "식품",
        "upload": "2024-01-20 14:00:00",
        "expiration": "2024-02-20 14:00:00",
        "premium": 1
    },
    {
        "rank": 0,
        "id": "4893yl",
        "name": "고급 가죽 지갑",
        "title": "세련된 디자인의 고급 가죽 지갑, 실용성과 품격을 동시에 갖춘 아이템입니다.",
        "rate": "4.6",
        "like": 2100,
        "achive": 320,
        "author": "LeatherLux",
        "category": "패션",
        "upload": "2024-05-25 12:00:00",
        "expiration": "2024-06-25 12:00:00",
        "premium": 0
    },
    {
        "rank": 0,
        "id": "5963kp",
        "name": "스마트 커피머신",
        "title": "스마트 기능이 적용된 커피머신, 매일 신선한 커피를 편리하게 즐기세요.",
        "rate": "4.5",
        "like": 2400,
        "achive": 300,
        "author": "BrewMaster",
        "category": "커피",
        "upload": "2024-06-01 10:00:00",
        "expiration": "2024-07-01 10:00:00",
        "premium": 1
    },
    {
        "rank": 0,
        "id": "6724zp",
        "name": "휴대용 공기 청정기",
        "title": "언제 어디서나 깨끗한 공기를, 휴대용 공기 청정기로 간편하게 해결하세요.",
        "rate": "4.4",
        "like": 2050,
        "achive": 180,
        "author": "AirPure",
        "category": "홈/리빙",
        "upload": "2024-04-10 13:00:00",
        "expiration": "2024-05-10 13:00:00",
        "premium": 0
    },
    {
        "rank": 0,
        "id": "5742rd",
        "name": "스마트 온도계",
        "title": "정확한 온도 측정과 편리한 데이터 저장 기능을 갖춘 스마트 온도계입니다.",
        "rate": "4.6",
        "like": 2300,
        "achive": 250,
        "author": "TempSense",
        "category": "헬스케어",
        "upload": "2024-07-10 11:00:00",
        "expiration": "2024-08-10 11:00:00",
        "premium": 1
    },
    {
        "rank": 0,
        "id": "3917jp",
        "name": "패션 선글라스",
        "title": "스타일리시한 디자인의 패션 선글라스, 여름철 자외선으로부터 눈을 보호하세요.",
        "rate": "4.4",
        "like": 1920,
        "achive": 150,
        "author": "SunnyEyes",
        "category": "패션",
        "upload": "2024-06-05 10:00:00",
        "expiration": "2024-07-05 10:00:00",
        "premium": 0
    },
    {
        "rank": 0,
        "id": "4987nk",
        "name": "스마트 발열 담요",
        "title": "스마트폰으로 온도를 조절할 수 있는 발열 담요, 겨울철 따뜻함을 제공합니다.",
        "rate": "4.8",
        "like": 2600,
        "achive": 220,
        "author": "WarmTech",
        "category": "홈/리빙",
        "upload": "2024-01-15 14:00:00",
        "expiration": "2024-02-15 14:00:00",
        "premium": 1
    },
    {
        "rank": 0,
        "id": "4301mb",
        "name": "스마트 스피커",
        "title": "음성 인식과 다양한 기능을 갖춘 스마트 스피커, 집안의 분위기를 한층 더 편리하게 만들어줍니다.",
        "rate": "4.6",
        "like": 2320,
        "achive": 250,
        "author": "SmartSound",
        "category": "디지털 미디어",
        "upload": "2024-07-01 11:00:00",
        "expiration": "2024-08-01 11:00:00",
        "premium": 1
    },
    {
        "rank": 0,
        "id": "4950vp",
        "name": "스마트 체온계",
        "title": "정확한 체온 측정과 건강 관리에 도움을 주는 스마트 체온계, 필수 아이템입니다.",
        "rate": "4.7",
        "like": 2540,
        "achive": 200,
        "author": "ThermoCare",
        "category": "헬스케어",
        "upload": "2024-05-25 12:00:00",
        "expiration": "2024-06-25 12:00:00",
        "premium": 1
    },
    {
        "rank": 0,
        "id": "3065mr",
        "name": "고급 블루투스 스피커",
        "title": "탁월한 음질과 디자인의 고급 블루투스 스피커, 어떤 환경에서도 뛰어난 사운드를 제공합니다.",
        "rate": "4.5",
        "like": 2100,
        "achive": 200,
        "author": "SoundMaster",
        "category": "디지털 미디어",
        "upload": "2024-06-15 12:00:00",
        "expiration": "2024-07-15 12:00:00",
        "premium": 1
    },
    {
        "rank": 0,
        "id": "4702ql",
        "name": "스마트 백팩",
        "title": "내장된 충전 포트와 다양한 수납 공간이 있는 스마트 백팩, 일상과 여행에 편리함을 더합니다.",
        "rate": "4.6",
        "like": 1900,
        "achive": 210,
        "author": "BagTech",
        "category": "패션",
        "upload": "2024-04-05 13:00:00",
        "expiration": "2024-05-05 13:00:00",
        "premium": 1
    },
    {
        "rank": 0,
        "id": "5041vn",
        "name": "프리미엄 요가 매트",
        "title": "편안하고 미끄러짐 없는 프리미엄 요가 매트, 운동 시 안정감을 제공합니다.",
        "rate": "4.7",
        "like": 2200,
        "achive": 250,
        "author": "YogaComfort",
        "category": "헬스케어",
        "upload": "2024-03-25 14:00:00",
        "expiration": "2024-04-25 14:00:00",
        "premium": 1
    },
    {
        "rank": 0,
        "id": "5417kj",
        "name": "디지털 건강 모니터",
        "title": "혈압, 심박수 등 건강 상태를 실시간으로 모니터링할 수 있는 디지털 건강 모니터.",
        "rate": "4.8",
        "like": 2750,
        "achive": 300,
        "author": "HealthMonitor",
        "category": "헬스케어",
        "upload": "2024-05-10 12:00:00",
        "expiration": "2024-06-10 12:00:00",
        "premium": 1
    },
    {
        "rank": 0,
        "id": "4923zg",
        "name": "스마트 와이어리스 충전기",
        "title": "무선으로 빠르고 편리하게 기기를 충전할 수 있는 스마트 와이어리스 충전기.",
        "rate": "4.4",
        "like": 1750,
        "achive": 180,
        "author": "ChargeTech",
        "category": "디지털 미디어",
        "upload": "2024-04-10 15:00:00",
        "expiration": "2024-05-10 15:00:00",
        "premium": 0
    },
    {
        "rank": 0,
        "id": "5241lp",
        "name": "프리미엄 자전거 헬멧",
        "title": "안전성과 스타일을 갖춘 프리미엄 자전거 헬멧, 자전거 타는 즐거움을 더욱 안전하게.",
        "rate": "4.6",
        "like": 1850,
        "achive": 220,
        "author": "BikeSafe",
        "category": "헬스케어",
        "upload": "2024-07-15 12:00:00",
        "expiration": "2024-08-15 12:00:00",
        "premium": 1
    },
    {
        "rank": 0,
        "id": "5830dm",
        "name": "고급 와인 오프너",
        "title": "세련된 디자인과 기능성을 갖춘 고급 와인 오프너, 와인 오픈을 더욱 즐겁게 만들어줍니다.",
        "rate": "4.5",
        "like": 1500,
        "achive": 200,
        "author": "WineGourmet",
        "category": "식품",
        "upload": "2024-06-20 11:00:00",
        "expiration": "2024-07-20 11:00:00",
        "premium": 0
    },
    {
        "rank": 0,
        "id": "5917xz",
        "name": "스마트 주방 저울",
        "title": "정확한 무게 측정과 다양한 요리 모드를 지원하는 스마트 주방 저울.",
        "rate": "4.6",
        "like": 1650,
        "achive": 230,
        "author": "KitchenTech",
        "category": "홈/리빙",
        "upload": "2024-07-01 10:00:00",
        "expiration": "2024-08-01 10:00:00",
        "premium": 1
    },
    {
        "rank": 0,
        "id": "5983pl",
        "name": "프리미엄 런닝화",
        "title": "편안한 착용감과 우수한 충격 흡수 기능을 갖춘 프리미엄 런닝화, 운동 시 최상의 성능을 제공합니다.",
        "rate": "4.7",
        "like": 2400,
        "achive": 270,
        "author": "RunFlex",
        "category": "패션",
        "upload": "2024-03-01 12:00:00",
        "expiration": "2024-04-01 12:00:00",
        "premium": 1
    },
    {
        "rank": 0,
        "id": "5708kr",
        "name": "스마트 블루투스 이어폰",
        "title": "선명한 음질과 편리한 무선 연결을 자랑하는 스마트 블루투스 이어폰, 음악을 자유롭게 즐기세요.",
        "rate": "4.5",
        "like": 2000,
        "achive": 210,
        "author": "AudioPro",
        "category": "디지털 미디어",
        "upload": "2024-01-15 14:00:00",
        "expiration": "2024-02-15 14:00:00",
        "premium": 0
    },
    {
        "rank": 0,
        "id": "5349wp",
        "name": "스마트 온열 패드",
        "title": "온도를 조절할 수 있는 스마트 온열 패드, 추운 날씨에 따뜻함을 제공합니다.",
        "rate": "4.6",
        "like": 1950,
        "achive": 200,
        "author": "HeatSense",
        "category": "홈/리빙",
        "upload": "2024-02-15 13:00:00",
        "expiration": "2024-03-15 13:00:00",
        "premium": 1
    },
    {
        "rank": 0,
        "id": "5864qt",
        "name": "스마트 식물 재배기",
        "title": "집에서도 쉽게 식물을 기를 수 있는 스마트 식물 재배기, 자동으로 물과 빛을 조절해줍니다.",
        "rate": "4.7",
        "like": 2100,
        "achive": 220,
        "author": "PlantGrow",
        "category": "홈/리빙",
        "upload": "2024-05-05 12:00:00",
        "expiration": "2024-06-05 12:00:00",
        "premium": 1
    },
    {
        "rank": 0,
        "id": "5728kf",
        "name": "프리미엄 미러",
        "title": "세련된 디자인과 함께 뛰어난 반사율을 자랑하는 프리미엄 미러, 집안을 더 아름답게 꾸며줍니다.",
        "rate": "4.6",
        "like": 1750,
        "achive": 190,
        "author": "MirrorLux",
        "category": "홈/리빙",
        "upload": "2024-01-20 10:00:00",
        "expiration": "2024-02-20 10:00:00",
        "premium": 0
    },
    {
        "rank": 0,
        "id": "4532xb",
        "name": "스마트 온도 조절기",
        "title": "정확한 온도 조절과 에너지 절약 기능을 갖춘 스마트 온도 조절기.",
        "rate": "4.5",
        "like": 1850,
        "achive": 200,
        "author": "ClimateControl",
        "category": "홈/리빙",
        "upload": "2024-07-10 11:00:00",
        "expiration": "2024-08-10 11:00:00",
        "premium": 1
    },
    {
        "rank": 0,
        "id": "5632jt",
        "name": "고급 필터 커피 메이커",
        "title": "향긋한 커피를 쉽게 만들 수 있는 고급 필터 커피 메이커, 커피 애호가를 위한 완벽한 선택입니다.",
        "rate": "4.8",
        "like": 2200,
        "achive": 270,
        "author": "CoffeeCraft",
        "category": "식품",
        "upload": "2024-06-25 14:00:00",
        "expiration": "2024-07-25 14:00:00",
        "premium": 1
    },
    {
        "rank": 0,
        "id": "5174mw",
        "name": "고급 수면 마스크",
        "title": "편안한 착용감과 차단 효과를 갖춘 고급 수면 마스크, 깊은 잠을 돕습니다.",
        "rate": "4.7",
        "like": 2000,
        "achive": 230,
        "author": "SleepEase",
        "category": "헬스케어",
        "upload": "2024-03-01 11:00:00",
        "expiration": "2024-04-01 11:00:00",
        "premium": 1
    },
    {
        "rank": 0,
        "id": "5013tl",
        "name": "고급 와인 세트",
        "title": "선별된 와인으로 구성된 고급 와인 세트, 특별한 날에 더없이 좋은 선물입니다.",
        "rate": "4.8",
        "like": 2500,
        "achive": 280,
        "author": "WineSelect",
        "category": "식품",
        "upload": "2024-04-15 12:00:00",
        "expiration": "2024-05-15 12:00:00",
        "premium": 1
    },
    {
        "rank": 0,
        "id": "5692jq",
        "name": "스마트 가습기",
        "title": "효율적인 가습과 공기 정화를 동시에 할 수 있는 스마트 가습기.",
        "rate": "4.6",
        "like": 1850,
        "achive": 200,
        "author": "AirPure",
        "category": "홈/리빙",
        "upload": "2024-02-20 11:00:00",
        "expiration": "2024-03-20 11:00:00",
        "premium": 0
    },
    {
        "rank": 0,
        "id": "4847zf",
        "name": "고급 차 세트",
        "title": "다양한 종류의 고급 차가 포함된 차 세트, 정성스러운 선물이나 휴식의 순간에 적합합니다.",
        "rate": "4.7",
        "like": 2100,
        "achive": 250,
        "author": "TeaLuxury",
        "category": "식품",
        "upload": "2024-05-10 14:00:00",
        "expiration": "2024-06-10 14:00:00",
        "premium": 1
    },
    {
        "rank": 0,
        "id": "6482vm",
        "name": "휴대용 공기 청정기",
        "title": "편리하게 휴대할 수 있는 공기 청정기, 청정한 공기를 언제 어디서나.",
        "rate": "4.6",
        "like": 1800,
        "achive": 200,
        "author": "청정미래",
        "category": "홈/리빙",
        "upload": "2024-03-15 09:00:00",
        "expiration": "2024-04-15 09:00:00",
        "premium": 1
    },
    {
        "rank": 0,
        "id": "4936cz",
        "name": "스마트 체중계",
        "title": "정확한 체중 측정과 건강 지표를 제공하는 스마트 체중계, 건강 관리의 필수품.",
        "rate": "4.7",
        "like": 1900,
        "achive": 210,
        "author": "헬스지기",
        "category": "헬스케어",
        "upload": "2024-01-10 14:00:00",
        "expiration": "2024-02-10 14:00:00",
        "premium": 1
    },
    {
        "rank": 0,
        "id": "5723qp",
        "name": "디지털 온도계",
        "title": "정확한 측정과 빠른 결과를 제공하는 디지털 온도계, 건강 체크에 유용합니다.",
        "rate": "4.5",
        "like": 1600,
        "achive": 180,
        "author": "건강웰빙",
        "category": "헬스케어",
        "upload": "2024-05-25 10:00:00",
        "expiration": "2024-06-25 10:00:00",
        "premium": 0
    },
    {
        "rank": 0,
        "id": "5847vn",
        "name": "스마트 에어프라이어",
        "title": "간편하게 건강한 요리를 할 수 있는 스마트 에어프라이어, 맛있는 요리가 빠릅니다.",
        "rate": "4.8",
        "like": 2000,
        "achive": 230,
        "author": "요리천사",
        "category": "홈/리빙",
        "upload": "2024-06-05 12:00:00",
        "expiration": "2024-07-05 12:00:00",
        "premium": 1
    },
    {
        "rank": 0,
        "id": "5498lj",
        "name": "스마트 음성 인식 스피커",
        "title": "음성으로 다양한 기능을 제어할 수 있는 스마트 스피커, 더 스마트한 생활을 제공합니다.",
        "rate": "4.6",
        "like": 1950,
        "achive": 210,
        "author": "음성마스터",
        "category": "디지털 미디어",
        "upload": "2024-02-20 15:00:00",
        "expiration": "2024-03-20 15:00:00",
        "premium": 1
    },
    {
        "rank": 0,
        "id": "5207xd",
        "name": "프리미엄 바디 케어 기기",
        "title": "전신 마사지와 혈액 순환을 도와주는 프리미엄 바디 케어 기기.",
        "rate": "4.7",
        "like": 2100,
        "achive": 240,
        "author": "몸짱케어",
        "category": "헬스케어",
        "upload": "2024-07-10 13:00:00",
        "expiration": "2024-08-10 13:00:00",
        "premium": 1
    },
    {
        "rank": 0,
        "id": "5918tr",
        "name": "스마트 냉장고",
        "title": "스마트 기능과 효율적인 공간 활용을 자랑하는 냉장고, 최신 기술을 갖춘 주방 필수품.",
        "rate": "4.5",
        "like": 2200,
        "achive": 250,
        "author": "냉장고왕",
        "category": "홈/리빙",
        "upload": "2024-04-05 11:00:00",
        "expiration": "2024-05-05 11:00:00",
        "premium": 1
    },
    {
        "rank": 0,
        "id": "5350nw",
        "name": "스마트 모니터",
        "title": "선명한 화면과 다양한 기능을 갖춘 스마트 모니터, 작업과 여가에 적합합니다.",
        "rate": "4.6",
        "like": 1850,
        "achive": 200,
        "author": "모니터마스터",
        "category": "디지털 미디어",
        "upload": "2024-01-30 14:00:00",
        "expiration": "2024-03-02 14:00:00",
        "premium": 0
    },
    {
        "rank": 0,
        "id": "5584kp",
        "name": "스마트 체온계",
        "title": "정확한 체온 측정을 도와주는 스마트 체온계, 일상적인 건강 관리에 유용합니다.",
        "rate": "4.7",
        "like": 1900,
        "achive": 210,
        "author": "체온클리닉",
        "category": "헬스케어",
        "upload": "2024-03-15 12:00:00",
        "expiration": "2024-04-15 12:00:00",
        "premium": 1
    },
    {
        "rank": 0,
        "id": "5072zx",
        "name": "프리미엄 키보드",
        "title": "고급스러운 타건감과 디자인을 갖춘 프리미엄 키보드, 편안한 타이핑을 제공합니다.",
        "rate": "4.8",
        "like": 2000,
        "achive": 230,
        "author": "타이핑마스터",
        "category": "디지털 미디어",
        "upload": "2024-02-10 10:00:00",
        "expiration": "2024-03-10 10:00:00",
        "premium": 0
    },
    {
        "rank": 0,
        "id": "4829rq",
        "name": "프리미엄 텀블러",
        "title": "온도 유지와 세련된 디자인이 돋보이는 프리미엄 텀블러, 언제 어디서나 음료를 즐기세요.",
        "rate": "4.6",
        "like": 1750,
        "achive": 190,
        "author": "텀블러피플",
        "category": "식품",
        "upload": "2024-05-01 12:00:00",
        "expiration": "2024-06-01 12:00:00",
        "premium": 1
    },
    {
        "rank": 0,
        "id": "5098lw",
        "name": "스마트 휴대용 선풍기",
        "title": "간편하게 휴대할 수 있는 스마트 휴대용 선풍기, 더위에 대응할 수 있습니다.",
        "rate": "4.7",
        "like": 1950,
        "achive": 210,
        "author": "선풍기천사",
        "category": "홈/리빙",
        "upload": "2024-04-01 13:00:00",
        "expiration": "2024-05-01 13:00:00",
        "premium": 1
    },
    {
        "rank": 0,
        "id": "5142bn",
        "name": "스마트 공기 청정기",
        "title": "한층 더 깨끗한 공기를 위한 스마트 공기 청정기, 집안의 공기를 혁신적으로 변화시킵니다.",
        "rate": "4.6",
        "like": 1950,
        "achive": 220,
        "author": "맑은공기",
        "category": "홈/리빙",
        "upload": "2024-07-01 15:00:00",
        "expiration": "2024-08-01 15:00:00",
        "premium": 1
    },
    {
        "rank": 0,
        "id": "4976qt",
        "name": "프리미엄 마사지 기기",
        "title": "편안한 마사지를 제공하는 프리미엄 마사지 기기, 하루의 피로를 풀어줍니다.",
        "rate": "4.8",
        "like": 2300,
        "achive": 250,
        "author": "마사이케어",
        "category": "헬스케어",
        "upload": "2024-05-10 11:00:00",
        "expiration": "2024-06-10 11:00:00",
        "premium": 1
    },
    {
        "rank": 0,
        "id": "5109zc",
        "name": "스마트 정수기",
        "title": "편리한 물 관리와 효율적인 정수 기능을 자랑하는 스마트 정수기, 매일 신선한 물을 제공합니다.",
        "rate": "4.7",
        "like": 2200,
        "achive": 240,
        "author": "물깨끗",
        "category": "홈/리빙",
        "upload": "2024-06-15 12:00:00",
        "expiration": "2024-07-15 12:00:00",
        "premium": 1
    },
    {
        "rank": 0,
        "id": "5115xl",
        "name": "스마트 식기세척기",
        "title": "매일의 설거지를 간편하게 해결해주는 스마트 식기세척기, 효율적인 설거지로 시간을 절약하세요.",
        "rate": "4.6",
        "like": 2000,
        "achive": 220,
        "author": "세척마스터",
        "category": "홈/리빙",
        "upload": "2024-02-25 10:00:00",
        "expiration": "2024-03-25 10:00:00",
        "premium": 1
    },
    {
        "rank": 0,
        "id": "5224lk",
        "name": "프리미엄 노트북 쿨러",
        "title": "열을 효과적으로 식혀주는 프리미엄 노트북 쿨러, 컴퓨터의 성능을 지키세요.",
        "rate": "4.5",
        "like": 1900,
        "achive": 210,
        "author": "쿨링아이",
        "category": "디지털 미디어",
        "upload": "2024-03-10 12:00:00",
        "expiration": "2024-04-10 12:00:00",
        "premium": 0
    },
    {
        "rank": 0,
        "id": "5239qb",
        "name": "스마트 화분",
        "title": "자동 급수와 영양 공급 기능이 있는 스마트 화분, 식물을 건강하게 키우는 최적의 솔루션.",
        "rate": "4.7",
        "like": 2050,
        "achive": 220,
        "author": "그린스마트",
        "category": "홈/리빙",
        "upload": "2024-01-15 13:00:00",
        "expiration": "2024-02-15 13:00:00",
        "premium": 1
    },
    {
        "rank": 0,
        "id": "4896rz",
        "name": "스마트 블루투스 이어폰",
        "title": "완벽한 음질과 무선 자유를 제공하는 스마트 블루투스 이어폰, 일상의 음악을 더욱 즐겁게.",
        "rate": "4.8",
        "like": 2100,
        "achive": 250,
        "author": "음악파라다이스",
        "category": "디지털 미디어",
        "upload": "2024-06-05 14:00:00",
        "expiration": "2024-07-05 14:00:00",
        "premium": 1
    },
    {
        "rank": 0,
        "id": "4963mn",
        "name": "프리미엄 카메라 렌즈",
        "title": "탁월한 화질과 선명한 촬영을 지원하는 프리미엄 카메라 렌즈, 전문가의 선택.",
        "rate": "4.9",
        "like": 2200,
        "achive": 270,
        "author": "렌즈프로",
        "category": "디지털 미디어",
        "upload": "2024-07-20 11:00:00",
        "expiration": "2024-08-20 11:00:00",
        "premium": 1
    },
    {
        "rank": 0,
        "id": "4912wb",
        "name": "스마트 알람 시계",
        "title": "효율적인 시간 관리를 돕는 스마트 알람 시계, 다양한 알람 기능으로 더 나은 하루를 시작하세요.",
        "rate": "4.6",
        "like": 1800,
        "achive": 200,
        "author": "타임매니지먼트",
        "category": "홈/리빙",
        "upload": "2024-04-10 12:00:00",
        "expiration": "2024-05-10 12:00:00",
        "premium": 1
    },
    {
        "rank": 0,
        "id": "5152vc",
        "name": "프리미엄 전동 칫솔",
        "title": "효과적인 치아 세정을 위한 프리미엄 전동 칫솔, 매일의 구강 관리를 완벽하게 도와줍니다.",
        "rate": "4.7",
        "like": 1950,
        "achive": 210,
        "author": "치아건강",
        "category": "헬스케어",
        "upload": "2024-03-30 11:00:00",
        "expiration": "2024-04-30 11:00:00",
        "premium": 1
    },
    {
        "rank": 0,
        "id": "5431yd",
        "name": "스마트 진공 청소기",
        "title": "효율적인 청소를 도와주는 스마트 진공 청소기, 집안 구석구석 깨끗하게 청소해줍니다.",
        "rate": "4.6",
        "like": 2000,
        "achive": 220,
        "author": "청소매니아",
        "category": "홈/리빙",
        "upload": "2024-02-05 12:00:00",
        "expiration": "2024-03-05 12:00:00",
        "premium": 1
    },
    {
        "rank": 0,
        "id": "5298lp",
        "name": "프리미엄 블루투스 헤드폰",
        "title": "탁월한 사운드 품질과 편안한 착용감을 제공하는 프리미엄 블루투스 헤드폰, 음악을 새롭게 경험하세요.",
        "rate": "4.8",
        "like": 2250,
        "achive": 260,
        "author": "사운드퀸",
        "category": "디지털 미디어",
        "upload": "2024-06-20 14:00:00",
        "expiration": "2024-07-20 14:00:00",
        "premium": 1
    },
    {
        "rank": 0,
        "id": "5258hr",
        "name": "프리미엄 가전 세트",
        "title": "고급스러운 디자인과 뛰어난 성능을 자랑하는 프리미엄 가전 세트, 집안의 품격을 높여줍니다.",
        "rate": "4.7",
        "like": 2200,
        "achive": 230,
        "author": "가전프리미엄",
        "category": "홈/리빙",
        "upload": "2024-02-15 12:00:00",
        "expiration": "2024-03-15 12:00:00",
        "premium": 1
    },
    {
        "rank": 0,
        "id": "5864kj",
        "name": "스마트 냄새 제거기",
        "title": "강력한 냄새 제거 기능을 갖춘 스마트 냄새 제거기, 쾌적한 생활 환경을 만들어줍니다.",
        "rate": "4.6",
        "like": 1750,
        "achive": 200,
        "author": "향기지기",
        "category": "홈/리빙",
        "upload": "2024-03-05 11:00:00",
        "expiration": "2024-04-05 11:00:00",
        "premium": 1
    },
    {
        "rank": 0,
        "id": "5021zw",
        "name": "스마트 손목 시계",
        "title": "다양한 기능과 세련된 디자인을 자랑하는 스마트 손목 시계, 당신의 일상을 더욱 스마트하게.",
        "rate": "4.7",
        "like": 1850,
        "achive": 210,
        "author": "시계매니아",
        "category": "디지털 미디어",
        "upload": "2024-05-10 14:00:00",
        "expiration": "2024-06-10 14:00:00",
        "premium": 1
    },
    {
        "rank": 0,
        "id": "5176jt",
        "name": "프리미엄 전자렌지",
        "title": "정확한 온도 조절과 편리한 사용이 가능한 프리미엄 전자렌지, 조리 시간을 단축시켜줍니다.",
        "rate": "4.6",
        "like": 1900,
        "achive": 230,
        "author": "렌지왕",
        "category": "홈/리빙",
        "upload": "2024-04-20 13:00:00",
        "expiration": "2024-05-20 13:00:00",
        "premium": 1
    },
    {
        "rank": 0,
        "id": "5304sl",
        "name": "스마트 블루투스 스피커",
        "title": "탁월한 음질과 편리한 무선 연결을 제공하는 스마트 블루투스 스피커, 음악을 새롭게 즐기세요.",
        "rate": "4.8",
        "like": 2000,
        "achive": 240,
        "author": "사운드히어로",
        "category": "디지털 미디어",
        "upload": "2024-07-15 14:00:00",
        "expiration": "2024-08-15 14:00:00",
        "premium": 1
    },
    {
        "rank": 0,
        "id": "5410mr",
        "name": "스마트 베이비 모니터",
        "title": "우리 아기를 안전하게 지켜주는 스마트 베이비 모니터, 실시간 모니터링으로 걱정을 덜어줍니다.",
        "rate": "4.7",
        "like": 1950,
        "achive": 220,
        "author": "베이비케어",
        "category": "홈/리빙",
        "upload": "2024-06-10 13:00:00",
        "expiration": "2024-07-10 13:00:00",
        "premium": 1
    },
    {
        "rank": 0,
        "id": "5741qz",
        "name": "스마트 온열기",
        "title": "빠르게 따뜻함을 제공하는 스마트 온열기, 추운 날씨에도 포근한 온기를 유지하세요.",
        "rate": "4.6",
        "like": 1800,
        "achive": 200,
        "author": "온열매니아",
        "category": "홈/리빙",
        "upload": "2024-02-20 10:00:00",
        "expiration": "2024-03-20 10:00:00",
        "premium": 1
    },
    {
        "rank": 0,
        "id": "5890vl",
        "name": "프리미엄 청소 로봇",
        "title": "자동으로 집안을 청소해주는 프리미엄 청소 로봇, 더 효율적인 청소를 경험하세요.",
        "rate": "4.8",
        "like": 2100,
        "achive": 240,
        "author": "로봇청소기",
        "category": "홈/리빙",
        "upload": "2024-05-20 12:00:00",
        "expiration": "2024-06-20 12:00:00",
        "premium": 1
    },
    {
        "rank": 0,
        "id": "5402hp",
        "name": "스마트 헬스 밴드",
        "title": "건강 모니터링과 피트니스 추적을 지원하는 스마트 헬스 밴드, 보다 건강한 생활을 도와줍니다.",
        "rate": "4.7",
        "like": 1950,
        "achive": 210,
        "author": "헬스온",
        "category": "헬스케어",
        "upload": "2024-07-01 11:00:00",
        "expiration": "2024-08-01 11:00:00",
        "premium": 1
    },
    {
        "rank": 0,
        "id": "5210qw",
        "name": "프리미엄 전자레인지",
        "title": "고급스러운 디자인과 강력한 성능을 자랑하는 프리미엄 전자레인지, 간편한 조리의 시작입니다.",
        "rate": "4.5",
        "like": 1750,
        "achive": 200,
        "author": "레인지왕",
        "category": "홈/리빙",
        "upload": "2024-06-30 10:00:00",
        "expiration": "2024-07-30 10:00:00",
        "premium": 1
    },
    {
        "rank": 0,
        "id": "5607zp",
        "name": "스마트 체중계",
        "title": "몸 상태를 정확히 측정해주는 스마트 체중계, 건강 관리를 손쉽게 도와줍니다.",
        "rate": "4.6",
        "like": 1900,
        "achive": 220,
        "author": "몸짱케어",
        "category": "헬스케어",
        "upload": "2024-04-05 13:00:00",
        "expiration": "2024-05-05 13:00:00",
        "premium": 1
    },
    {
        "rank": 0,
        "id": "5320ck",
        "name": "스마트 손세정기",
        "title": "효율적인 손 세정을 지원하는 스마트 손세정기, 위생을 지키는 스마트한 선택.",
        "rate": "4.7",
        "like": 2000,
        "achive": 230,
        "author": "위생천사",
        "category": "헬스케어",
        "upload": "2024-03-25 14:00:00",
        "expiration": "2024-04-25 14:00:00",
        "premium": 1
    },
    {
        "rank": 0,
        "id": "5928jf",
        "name": "빛나는 음향 스피커",
        "title": "🎶 빛나는 음향 스피커로 완벽한 사운드를 경험하세요! 🌟 소중한 순간들을 특별하게 만들어드립니다.",
        "rate": "4.7",
        "like": 2150,
        "achive": 265,
        "author": "사운드천사",
        "category": "디지털 미디어",
        "upload": "2024-06-02 11:30:00",
        "expiration": "2024-07-02 11:30:00",
        "premium": 1
    },
    {
        "rank": 0,
        "id": "5406lk",
        "name": "휴대용 커피 브루어",
        "title": "🚀 휴대용 커피 브루어로 언제 어디서나 커피의 품격을 유지하세요! ☕ 바쁜 일상 속 커피 타임의 혁신.",
        "rate": "4.6",
        "like": 1850,
        "achive": 240,
        "author": "커피왕국",
        "category": "커피",
        "upload": "2024-07-12 13:45:00",
        "expiration": "2024-08-12 13:45:00",
        "premium": 1
    },
    {
        "rank": 0,
        "id": "5749tm",
        "name": "모던 LED 조명",
        "title": "🌟 집안 분위기를 새롭게! 💡 모던 LED 조명으로 스타일과 조명 모두 잡으세요.",
        "rate": "4.8",
        "like": 2250,
        "achive": 250,
        "author": "조명명가",
        "category": "홈/리빙",
        "upload": "2024-04-18 09:15:00",
        "expiration": "2024-05-18 09:15:00",
        "premium": 1
    },
    {
        "rank": 0,
        "id": "5856np",
        "name": "럭셔리 식기 세트",
        "title": "🎉 럭셔리 식기 세트로 식사시간을 더욱 특별하게! 🍽️ 우아함을 더해주는 완벽한 선택입니다.",
        "rate": "4.6",
        "like": 2000,
        "achive": 215,
        "author": "식기천국",
        "category": "홈/리빙",
        "upload": "2024-03-29 14:00:00",
        "expiration": "2024-04-29 14:00:00",
        "premium": 1
    },
    {
        "rank": 0,
        "id": "5932kd",
        "name": "스마트 공기 청정기",
        "title": "🌿 스마트 공기 청정기로 깨끗한 공기를 유지하세요! 💧 건강한 집안을 위한 필수 아이템입니다.",
        "rate": "4.7",
        "like": 2100,
        "achive": 260,
        "author": "가습왕",
        "category": "홈/리빙",
        "upload": "2024-05-02 15:30:00",
        "expiration": "2024-06-02 15:30:00",
        "premium": 1
    },
    {
        "rank": 0,
        "id": "5432rm",
        "name": "커피 그라인더 프로",
        "title": "🌟 커피 그라인더 프로로 신선한 원두를 직접 갈아보세요! ☕ 커피의 품격을 높여주는 필수 아이템입니다.",
        "rate": "4.8",
        "like": 2200,
        "achive": 270,
        "author": "커피명장",
        "category": "커피",
        "upload": "2024-07-16 11:00:00",
        "expiration": "2024-08-16 11:00:00",
        "premium": 1
    },
    {
        "rank": 0,
        "id": "5692pz",
        "name": "스마트 온수 조절기",
        "title": "🚿 스마트 온수 조절기로 적정 온도의 물을 언제든지! 💦 생활의 편리함을 더해주는 제품입니다.",
        "rate": "4.7",
        "like": 1900,
        "achive": 235,
        "author": "온수전문",
        "category": "홈/리빙",
        "upload": "2024-06-21 12:00:00",
        "expiration": "2024-07-21 12:00:00",
        "premium": 1
    },
    {
        "rank": 0,
        "id": "5119qw",
        "name": "고급 헤어 드라이기",
        "title": "💨 고급 헤어 드라이기로 매일매일 빠르고 스타일리시한 헤어스타일을 완성하세요! ✨",
        "rate": "4.6",
        "like": 1850,
        "achive": 220,
        "author": "헤어케어",
        "category": "홈/리빙",
        "upload": "2024-05-26 10:30:00",
        "expiration": "2024-06-26 10:30:00",
        "premium": 1
    },
    {
        "rank": 0,
        "id": "5239lj",
        "name": "정밀 온도 측정기",
        "title": "🌡️ 정밀 온도 측정기로 정확한 온도를 즉시 측정하세요! 🍳 요리의 완벽함을 보장해주는 필수 도구입니다.",
        "rate": "4.7",
        "like": 2000,
        "achive": 245,
        "author": "온도측정기",
        "category": "홈/리빙",
        "upload": "2024-07-02 13:00:00",
        "expiration": "2024-08-02 13:00:00",
        "premium": 1
    },
    {
        "rank": 0,
        "id": "5447mk",
        "name": "스마트 오븐 시스템",
        "title": "🍰 스마트 오븐 시스템으로 다양한 요리와 베이킹을 손쉽게! 🧁 주방의 혁신을 경험해보세요.",
        "rate": "4.8",
        "like": 2100,
        "achive": 255,
        "author": "오븐마스터",
        "category": "홈/리빙",
        "upload": "2024-08-06 14:00:00",
        "expiration": "2024-09-06 14:00:00",
        "premium": 1
    },
    {
        "rank": 0,
        "id": "5682vn",
        "name": "스마트 전기 주전자",
        "title": "🫖 스마트 전기 주전자로 빠르게 물을 끓이세요! 💨 일상 속의 작은 편리함을 더해주는 제품입니다.",
        "rate": "4.7",
        "like": 1950,
        "achive": 225,
        "author": "주전자마스터",
        "category": "홈/리빙",
        "upload": "2024-02-26 12:00:00",
        "expiration": "2024-03-26 12:00:00",
        "premium": 1
    },
    {
        "rank": 0,
        "id": "5723nd",
        "name": "스마트 냉장 보관기",
        "title": "🥶 스마트 냉장 보관기로 신선함을 오래 유지하세요! 🌟 최신 기술로 집안의 음식을 안전하게 보관합니다.",
        "rate": "4.8",
        "like": 2150,
        "achive": 265,
        "author": "냉장고명가",
        "category": "홈/리빙",
        "upload": "2024-03-16 13:00:00",
        "expiration": "2024-04-16 13:00:00",
        "premium": 1
    },
    {
        "rank": 0,
        "id": "5238kj",
        "name": "스마트 식기 세트",
        "title": "🍽️ 스마트 식기 세트로 매일의 식사를 스마트하게! 🎊 우아함과 실용성을 동시에 제공합니다.",
        "rate": "4.7",
        "like": 2050,
        "achive": 240,
        "author": "식기왕국",
        "category": "홈/리빙",
        "upload": "2024-04-10 10:00:00",
        "expiration": "2024-05-10 10:00:00",
        "premium": 1
    },
    {
        "rank": 0,
        "id": "5113nk",
        "name": "포터블 블루투스 스피커",
        "title": "🔊 포터블 블루투스 스피커로 어디서든 음악을 즐기세요! 🌈 휴대성과 성능을 모두 갖춘 완벽한 선택입니다.",
        "rate": "4.5",
        "like": 1800,
        "achive": 230,
        "author": "사운드전문",
        "category": "디지털 미디어",
        "upload": "2024-07-20 09:45:00",
        "expiration": "2024-08-20 09:45:00",
        "premium": 1
    },
    {
        "rank": 0,
        "id": "5598sm",
        "name": "스마트 미니 프로젝터",
        "title": "📽️ 스마트 미니 프로젝터로 집에서 영화관을 경험하세요! 🎬 작은 크기지만 큰 화질을 제공합니다.",
        "rate": "4.6",
        "like": 1950,
        "achive": 220,
        "author": "프로젝터마스터",
        "category": "디지털 미디어",
        "upload": "2024-08-09 14:00:00",
        "expiration": "2024-09-09 14:00:00",
        "premium": 1
    },
    {
        "rank": 0,
        "id": "5471tx",
        "name": "프리미엄 홈 로봇 청소기",
        "title": "🤖 프리미엄 홈 로봇 청소기로 집안 청소를 완벽하게! 🏠 자동 청소의 혁신을 경험하세요.",
        "rate": "4.8",
        "like": 2250,
        "achive": 250,
        "author": "청소전문",
        "category": "홈/리빙",
        "upload": "2024-06-15 12:30:00",
        "expiration": "2024-07-15 12:30:00",
        "premium": 1
    },
    {
        "rank": 0,
        "id": "5229lo",
        "name": "에어 프라이어",
        "title": "🍟 에어 프라이어로 건강하고 맛있는 음식을 간편하게! 🥗 기름 없이도 바삭한 요리를 즐기세요.",
        "rate": "4.7",
        "like": 2000,
        "achive": 245,
        "author": "프라이어마스터",
        "category": "홈/리빙",
        "upload": "2024-05-20 11:00:00",
        "expiration": "2024-06-20 11:00:00",
        "premium": 1
    },
    {
        "rank": 0,
        "id": "5695hr",
        "name": "무선 충전기",
        "title": "🔋 무선 충전기로 케이블 없이 편리하게 충전하세요! ⚡ 혁신적인 충전의 시작을 경험해보세요.",
        "rate": "4.6",
        "like": 1750,
        "achive": 210,
        "author": "충전전문",
        "category": "디지털 미디어",
        "upload": "2024-07-12 10:30:00",
        "expiration": "2024-08-12 10:30:00",
        "premium": 1
    },
    {
        "rank": 0,
        "id": "5249dp",
        "name": "스마트 워치",
        "title": "⌚ 스마트 워치로 건강과 시간을 스마트하게 관리하세요! 📈 최신 기술로 생활의 편리함을 더해줍니다.",
        "rate": "4.7",
        "like": 1900,
        "achive": 230,
        "author": "워치마스터",
        "category": "디지털 미디어",
        "upload": "2024-05-28 12:00:00",
        "expiration": "2024-06-28 12:00:00",
        "premium": 1
    },
    {
        "rank": 0,
        "id": "5468df",
        "name": "인덕션 레인지",
        "title": "🔥 인덕션 레인지로 빠르고 효율적인 요리를 즐기세요! 🍲 혁신적인 열전도 기술로 요리의 정점을 경험하세요.",
        "rate": "4.6",
        "like": 1850,
        "achive": 220,
        "author": "레인지왕",
        "category": "홈/리빙",
        "upload": "2024-04-14 13:30:00",
        "expiration": "2024-05-14 13:30:00",
        "premium": 1
    },
    {
        "rank": 0,
        "id": "5124tx",
        "name": "액티브 헤드폰",
        "title": "🎧 액티브 헤드폰으로 음향의 세계에 빠져보세요! 🔊 탁월한 음질과 편안한 착용감을 자랑합니다.",
        "rate": "4.8",
        "like": 2100,
        "achive": 270,
        "author": "헤드폰천국",
        "category": "디지털 미디어",
        "upload": "2024-06-10 09:00:00",
        "expiration": "2024-07-10 09:00:00",
        "premium": 1
    },
    {
        "rank": 0,
        "id": "5379xd",
        "name": "스마트 전기 자전거",
        "title": "🚴 스마트 전기 자전거로 새로운 라이딩 경험을! ⚡ 빠르고 편리한 이동을 지원합니다.",
        "rate": "4.7",
        "like": 2000,
        "achive": 245,
        "author": "자전거천국",
        "category": "디지털 미디어",
        "upload": "2024-05-05 14:00:00",
        "expiration": "2024-06-05 14:00:00",
        "premium": 1
    },
    {
        "rank": 0,
        "id": "5587cj",
        "name": "스마트 홈 보안 시스템",
        "title": "🔒 스마트 홈 보안 시스템으로 집안의 안전을 지키세요! 🏠 최신 보안 기술로 안심하세요.",
        "rate": "4.8",
        "like": 2150,
        "achive": 255,
        "author": "보안전문",
        "category": "홈/리빙",
        "upload": "2024-07-23 12:00:00",
        "expiration": "2024-08-23 12:00:00",
        "premium": 1
    },
    {
        "rank": 0,
        "id": "5712lk",
        "name": "스마트 음성 비서",
        "title": "🗣️ 스마트 음성 비서로 일상을 더욱 편리하게! 🎙️ 음성으로 모든 것을 제어하세요.",
        "rate": "4.6",
        "like": 1950,
        "achive": 230,
        "author": "음성비서",
        "category": "디지털 미디어",
        "upload": "2024-06-18 11:30:00",
        "expiration": "2024-07-18 11:30:00",
        "premium": 1
    },
    {
        "rank": 0,
        "id": "5278rm",
        "name": "휴대용 미니 냉장고",
        "title": "🥤 휴대용 미니 냉장고로 언제 어디서나 시원하게! 🌟 캠핑과 여행에 적합한 스마트한 선택.",
        "rate": "4.7",
        "like": 1850,
        "achive": 225,
        "author": "냉장고마스터",
        "category": "홈/리빙",
        "upload": "2024-08-01 10:00:00",
        "expiration": "2024-09-01 10:00:00",
        "premium": 1
    },
    {
        "rank": 0,
        "id": "5156kj",
        "name": "스마트 로봇 청소기",
        "title": "🤖 스마트 로봇 청소기로 손쉬운 청소를 경험하세요! 🧹 자동으로 깨끗한 집안을 만들어드립니다.",
        "rate": "4.7",
        "like": 1950,
        "achive": 220,
        "author": "청소명가",
        "category": "홈/리빙",
        "upload": "2024-03-22 09:00:00",
        "expiration": "2024-04-22 09:00:00",
        "premium": 1
    },
    {
        "rank": 0,
        "id": "5475pl",
        "name": "스마트 커피 머신",
        "title": "☕ 스마트 커피 머신으로 완벽한 커피를 집에서! 🌟 자동 추출과 맞춤형 설정으로 최고의 맛을 경험하세요.",
        "rate": "4.8",
        "like": 2200,
        "achive": 260,
        "author": "커피천사",
        "category": "커피",
        "upload": "2024-04-05 14:30:00",
        "expiration": "2024-05-05 14:30:00",
        "premium": 1
    },
    {
        "rank": 0,
        "id": "5648fj",
        "name": "스마트 공기 청정기",
        "title": "🌿 스마트 공기 청정기로 집안 공기를 상쾌하게! 🌟 건강한 생활을 위한 필수 아이템입니다.",
        "rate": "4.7",
        "like": 1900,
        "achive": 225,
        "author": "청정기마스터",
        "category": "홈/리빙",
        "upload": "2024-05-30 12:00:00",
        "expiration": "2024-06-30 12:00:00",
        "premium": 1
    },
    {
        "rank": 0,
        "id": "5119jw",
        "name": "모던 디자인 램프",
        "title": "💡 모던 디자인 램프로 집안 분위기를 새롭게! ✨ 세련된 디자인으로 공간을 밝히세요.",
        "rate": "4.6",
        "like": 1800,
        "achive": 215,
        "author": "디자인조명",
        "category": "홈/리빙",
        "upload": "2024-07-14 13:00:00",
        "expiration": "2024-08-14 13:00:00",
        "premium": 1
    },
    {
        "rank": 0,
        "id": "5728mh",
        "name": "휴대용 정수기",
        "title": "💧 휴대용 정수기로 어디서든 깨끗한 물을! 🌟 여행과 야외 활동에 최적화된 스마트한 선택입니다.",
        "rate": "4.7",
        "like": 2000,
        "achive": 245,
        "author": "정수기명가",
        "category": "홈/리빙",
        "upload": "2024-06-04 10:30:00",
        "expiration": "2024-07-04 10:30:00",
        "premium": 1
    },
    {
        "rank": 0,
        "id": "5317xp",
        "name": "스마트 블루투스 이어폰",
        "title": "🎧 스마트 블루투스 이어폰으로 무선 자유를 만끽하세요! 🎶 탁월한 음질과 편리한 기능을 제공합니다.",
        "rate": "4.8",
        "like": 2100,
        "achive": 260,
        "author": "이어폰천국",
        "category": "디지털 미디어",
        "upload": "2024-07-28 14:00:00",
        "expiration": "2024-08-28 14:00:00",
        "premium": 1
    },
    {
        "rank": 0,
        "id": "5520tj",
        "name": "전기 고데기",
        "title": "💇 전기 고데기로 매일매일 완벽한 스타일링을! ✨ 편리하고 빠르게 헤어를 정리할 수 있습니다.",
        "rate": "4.7",
        "like": 1850,
        "achive": 220,
        "author": "헤어케어전문",
        "category": "홈/리빙",
        "upload": "2024-06-13 10:00:00",
        "expiration": "2024-07-13 10:00:00",
        "premium": 1
    },
    {
        "rank": 0,
        "id": "5258mc",
        "name": "스마트 인덕션",
        "title": "🔥 스마트 인덕션으로 요리의 즐거움을 더하세요! 🍲 최신 기술로 빠르고 효율적인 조리가 가능합니다.",
        "rate": "4.8",
        "like": 2200,
        "achive": 250,
        "author": "인덕션명가",
        "category": "홈/리빙",
        "upload": "2024-07-14 11:30:00",
        "expiration": "2024-08-14 11:30:00",
        "premium": 1
    },
    {
        "rank": 0,
        "id": "5724pk",
        "name": "다기능 블렌더",
        "title": "🍹 다기능 블렌더로 다양한 요리를 간편하게! 🧃 블렌딩과 다지기의 완벽한 조합으로 요리의 폭을 넓히세요.",
        "rate": "4.6",
        "like": 1900,
        "achive": 235,
        "author": "블렌더마스터",
        "category": "홈/리빙",
        "upload": "2024-06-01 13:30:00",
        "expiration": "2024-07-01 13:30:00",
        "premium": 1
    },
    {
        "rank": 0,
        "id": "5312dl",
        "name": "포터블 가습기",
        "title": "🌫️ 포터블 가습기로 언제 어디서나 촉촉하게! 💧 이동이 편리한 디자인으로 일상에 편리함을 더합니다.",
        "rate": "4.7",
        "like": 1950,
        "achive": 225,
        "author": "가습기명가",
        "category": "홈/리빙",
        "upload": "2024-05-11 10:00:00",
        "expiration": "2024-06-11 10:00:00",
        "premium": 1
    },
    {
        "rank": 0,
        "id": "5459jp",
        "name": "스마트 에어컨",
        "title": "❄️ 스마트 에어컨으로 시원한 여름을 준비하세요! 🌟 최신 기술로 최적의 온도를 유지합니다.",
        "rate": "4.8",
        "like": 2150,
        "achive": 260,
        "author": "에어컨명가",
        "category": "홈/리빙",
        "upload": "2024-06-23 11:00:00",
        "expiration": "2024-07-23 11:00:00",
        "premium": 1
    },
    {
        "rank": 0,
        "id": "5398df",
        "name": "스마트 전기 요리기",
        "title": "🍳 스마트 전기 요리기로 빠르고 효율적인 요리를 즐기세요! ⚡ 자동 조리 기능으로 편리함을 더합니다.",
        "rate": "4.7",
        "like": 2000,
        "achive": 245,
        "author": "요리명가",
        "category": "홈/리빙",
        "upload": "2024-05-17 10:00:00",
        "expiration": "2024-06-17 10:00:00",
        "premium": 1
    },
    {
        "rank": 0,
        "id": "5271lp",
        "name": "스마트 스피커",
        "title": "🎵 스마트 스피커로 음악과 함께하는 생활을! 🌟 음성 명령으로 모든 기능을 간편하게 제어하세요.",
        "rate": "4.6",
        "like": 1800,
        "achive": 210,
        "author": "스피커명가",
        "category": "디지털 미디어",
        "upload": "2024-07-25 12:00:00",
        "expiration": "2024-08-25 12:00:00",
        "premium": 1
    },
    {
        "rank": 0,
        "id": "5345lh",
        "name": "스마트 압력 밥솥",
        "title": "🍚 스마트 압력 밥솥으로 맛있는 밥을 쉽게! 🌟 자동 조리 기능으로 다양한 밥 요리를 간편하게.",
        "rate": "4.7",
        "like": 2000,
        "achive": 235,
        "author": "밥솥명가",
        "category": "홈/리빙",
        "upload": "2024-06-21 11:00:00",
        "expiration": "2024-07-21 11:00:00",
        "premium": 1
    }
]